Workbook

Sheet Problema
A1: Plantilla AHP (Analytic Hierarchy Process)
A3: Objetivo: | B3: Definir stack tecnológico
A5: Criterios | C5: Alternativas
A6: Costo | C6: A | D6: Next.JS React + TypeScript, Tailwind CSS Supabase PostgreSQL , GroqAPI y Vercel
A7: Desempeño | C7: B | D7: .Net Core + C# , React + TypeScript, Tailwind CSS, SQL Server, OpenAIAPI, y AWS
A8: Curva de aprendizaje
A9: Compatibilidad
A10: Mantenibilidad
A11: Escalabilidad
A12: Facilidad de integración
A14: Justificacion AHP
A15: Costo total favorece A (infraestructura y time-to-market).
A16: Curva de aprendizaje y partes pre-hechas favorecen A.
A17: B mantiene ventaja en desempeno/mantenibilidad, pero con menor peso global.

Sheet Criterios
B2: Costo | C2: Curva de aprendizaje | D2: Desempeño | E2: Mantenibilidad | F2: Facilidad de integración | G2: Escalabilidad | H2: Compatibilidad
A3: Costo | B3: 1 | C3: 1.8 | D3: 3.6 | E3: 6 | F3: 2.25 | G3: 5.142857 | H3: 7.2
A4: Curva de aprendizaje | B4: 0.555556 | C4: 1 | D4: 2 | E4: 3.333333 | F4: 1.25 | G4: 2.857143 | H4: 4
A5: Desempeño | B5: 0.277778 | C5: 0.5 | D5: 1 | E5: 1.666667 | F5: 0.625 | G5: 1.428571 | H5: 2
A6: Mantenibilidad | B6: 0.166667 | C6: 0.3 | D6: 0.6 | E6: 1 | F6: 0.375 | G6: 0.857143 | H6: 1.2
A7: Facilidad de integración | B7: 0.444444 | C7: 0.8 | D7: 1.6 | E7: 2.666667 | F7: 1 | G7: 2.285714 | H7: 3.2
A8: Escalabilidad | B8: 0.194444 | C8: 0.35 | D8: 0.7 | E8: 1.166667 | F8: 0.4375 | G8: 1 | H8: 1.4
A9: Compatibilidad | B9: 0.138889 | C9: 0.25 | D9: 0.5 | E9: 0.833333 | F9: 0.3125 | G9: 0.714286 | H9: 1
A10: Suma | B10: =SUM(B3:B9) | C10: =SUM(C3:C9) | D10: =SUM(D3:D9) | E10: =SUM(E3:E9) | F10: =SUM(F3:F9) | G10: =SUM(G3:G9) | H10: =SUM(H3:H9)
A12: Normalizado
B13: Costo | C13: Curva de aprendizaje | D13: Desempeño | E13: Mantenibilidad | F13: Facilidad de integración | G13: Escalabilidad | H13: Compatibilidad | I13: Peso | J13: Weighted Sum | K13: λ | N13: RI Table
A14: Costo | B14: =B3/$B$10 | C14: =C3/$C$10 | D14: =D3/$D$10 | E14: =E3/$E$10 | F14: =F3/$F$10 | G14: =G3/$G$10 | H14: =H3/$H$10 | I14: =AVERAGE(B14:H14) | J14: =B3 * $I$14 + C3 * $I$15 + D3 * $I$16 + E3 * $I$17 + F3 * $I$18 + G3 * $I$19 + H3 * $I$20 | K14: =J14/I14 | N14: n | O14: RI
A15: Curva de aprendizaje | B15: =B4/$B$10 | C15: =C4/$C$10 | D15: =D4/$D$10 | E15: =E4/$E$10 | F15: =F4/$F$10 | G15: =G4/$G$10 | H15: =H4/$H$10 | I15: =AVERAGE(B15:H15) | J15: =B4 * $I$14 + C4 * $I$15 + D4 * $I$16 + E4 * $I$17 + F4 * $I$18 + G4 * $I$19 + H4 * $I$20 | K15: =J15/I15 | N15: 1 | O15: 0
A16: Desempeño | B16: =B5/$B$10 | C16: =C5/$C$10 | D16: =D5/$D$10 | E16: =E5/$E$10 | F16: =F5/$F$10 | G16: =G5/$G$10 | H16: =H5/$H$10 | I16: =AVERAGE(B16:H16) | J16: =B5 * $I$14 + C5 * $I$15 + D5 * $I$16 + E5 * $I$17 + F5 * $I$18 + G5 * $I$19 + H5 * $I$20 | K16: =J16/I16 | N16: 2 | O16: 0
A17: Mantenibilidad | B17: =B6/$B$10 | C17: =C6/$C$10 | D17: =D6/$D$10 | E17: =E6/$E$10 | F17: =F6/$F$10 | G17: =G6/$G$10 | H17: =H6/$H$10 | I17: =AVERAGE(B17:H17) | J17: =B6 * $I$14 + C6 * $I$15 + D6 * $I$16 + E6 * $I$17 + F6 * $I$18 + G6 * $I$19 + H6 * $I$20 | K17: =J17/I17 | N17: 3 | O17: 0.58
A18: Facilidad de integración | B18: =B7/$B$10 | C18: =C7/$C$10 | D18: =D7/$D$10 | E18: =E7/$E$10 | F18: =F7/$F$10 | G18: =G7/$G$10 | H18: =H7/$H$10 | I18: =AVERAGE(B18:H18) | J18: =B7 * $I$14 + C7 * $I$15 + D7 * $I$16 + E7 * $I$17 + F7 * $I$18 + G7 * $I$19 + H7 * $I$20 | K18: =J18/I18 | N18: 4 | O18: 0.9
A19: Escalabilidad | B19: =B8/$B$10 | C19: =C8/$C$10 | D19: =D8/$D$10 | E19: =E8/$E$10 | F19: =F8/$F$10 | G19: =G8/$G$10 | H19: =H8/$H$10 | I19: =AVERAGE(B19:H19) | J19: =B8 * $I$14 + C8 * $I$15 + D8 * $I$16 + E8 * $I$17 + F8 * $I$18 + G8 * $I$19 + H8 * $I$20 | K19: =J19/I19 | N19: 5 | O19: 1.12
A20: Compatibilidad | B20: =B9/$B$10 | C20: =C9/$C$10 | D20: =D9/$D$10 | E20: =E9/$E$10 | F20: =F9/$F$10 | G20: =G9/$G$10 | H20: =H9/$H$10 | I20: =AVERAGE(B20:H20) | J20: =B9 * $I$14 + C9 * $I$15 + D9 * $I$16 + E9 * $I$17 + F9 * $I$18 + G9 * $I$19 + H9 * $I$20 | K20: =J20/I20 | N20: 6 | O20: 1.24
N21: 7 | O21: 1.32
N22: 8 | O22: 1.41
N23: 9 | O23: 1.45
N24: 10 | O24: 1.49
K25: λ max | L25: =AVERAGE(K14:K20)
K26: CI | L26: =(L25-7)/(7-1)
K27: CR | L27: =L26/1.32
K29: Consistencia | L29: =IF(L27<0.1,"Consistente","Revisar juicios")

Sheet Alt_Costo
B2: A | C2: B
A3: A | B3: 1 | C3: 7
A4: B | B4: 0.142857 | C4: 1
A6: Suma | B6: =SUM(B3:B5) | C6: =SUM(C3:C5) | D6: Next.JS React + TypeScript, Tailwind CSS Supabase PostgreSQL , GroqAPI y Vercel
D7: .Net Core + C# , React + TypeScript, Tailwind CSS, SQL Server, OpenAIAPI, y AWS
A8: Normalizado
B9: A | C9: B | E9: Peso
A10: A | B10: =B3/$B$6 | C10: =C3/$C$6 | E10: =AVERAGE(B10:D10)
A11: B | B11: =B4/$B$6 | C11: =C4/$C$6 | E11: =AVERAGE(B11:D11)

Sheet Alt_Desempeño
B2: A | C2: B
A3: A | B3: 1 | C3: 0.333333
A4: B | B4: 3 | C4: 1
A6: Suma | B6: =SUM(B3:B5) | C6: =SUM(C3:C5) | D6: Next.JS React + TypeScript, Tailwind CSS Supabase PostgreSQL , GroqAPI y Vercel
D7: .Net Core + C# , React + TypeScript, Tailwind CSS, SQL Server, OpenAIAPI, y AWS
A8: Normalizado
B9: A | C9: B | E9: Peso
A10: A | B10: =B3/$B$6 | C10: =C3/$C$6 | E10: =AVERAGE(B10:D10)
A11: B | B11: =B4/$B$6 | C11: =C4/$C$6 | E11: =AVERAGE(B11:D11)

Sheet Alt_Curva_De_Aprendizaje
B2: A | C2: B
A3: A | B3: 1 | C3: 5
A4: B | B4: 0.2 | C4: 1
A6: Suma | B6: =SUM(B3:B5) | C6: =SUM(C3:C5) | D6: Next.JS React + TypeScript, Tailwind CSS Supabase PostgreSQL , GroqAPI y Vercel
D7: .Net Core + C# , React + TypeScript, Tailwind CSS, SQL Server, OpenAIAPI, y AWS
A8: Normalizado
B9: A | C9: B | E9: Peso
A10: A | B10: =B3/$B$6 | C10: =C3/$C$6 | E10: =AVERAGE(B10:D10)
A11: B | B11: =B4/$B$6 | C11: =C4/$C$6 | E11: =AVERAGE(B11:D11)

Sheet Alt_Compatibilidad
B2: A | C2: B
A3: A | B3: 1 | C3: 2
A4: B | B4: 0.5 | C4: 1
A6: Suma | B6: =SUM(B3:B5) | C6: =SUM(C3:C5) | D6: Next.JS React + TypeScript, Tailwind CSS Supabase PostgreSQL , GroqAPI y Vercel
D7: .Net Core + C# , React + TypeScript, Tailwind CSS, SQL Server, OpenAIAPI, y AWS
A8: Normalizado
B9: A | C9: B | E9: Peso
A10: A | B10: =B3/$B$6 | C10: =C3/$C$6 | E10: =AVERAGE(B10:D10)
A11: B | B11: =B4/$B$6 | C11: =C4/$C$6 | E11: =AVERAGE(B11:D11)

Sheet Alt_Escalabilidad
B2: A | C2: B
A3: A | B3: 1 | C3: 0.5
A4: B | B4: 2 | C4: 1
A6: Suma | B6: =SUM(B3:B5) | C6: =SUM(C3:C5) | D6: Next.JS React + TypeScript, Tailwind CSS Supabase PostgreSQL , GroqAPI y Vercel
D7: .Net Core + C# , React + TypeScript, Tailwind CSS, SQL Server, OpenAIAPI, y AWS
A8: Normalizado
B9: A | C9: B | E9: Peso
A10: A | B10: =B3/$B$6 | C10: =C3/$C$6 | E10: =AVERAGE(B10:D10)
A11: B | B11: =B4/$B$6 | C11: =C4/$C$6 | E11: =AVERAGE(B11:D11)

Sheet Alt_Facilidad_De_Integración
B2: A | C2: B
A3: A | B3: 1 | C3: 6
A4: B | B4: 0.166667 | C4: 1
A6: Suma | B6: =SUM(B3:B5) | C6: =SUM(C3:C5) | D6: Next.JS React + TypeScript, Tailwind CSS Supabase PostgreSQL , GroqAPI y Vercel
D7: .Net Core + C# , React + TypeScript, Tailwind CSS, SQL Server, OpenAIAPI, y AWS
A8: Normalizado
B9: A | C9: B | E9: Peso
A10: A | B10: =B3/$B$6 | C10: =C3/$C$6 | E10: =AVERAGE(B10:D10)
A11: B | B11: =B4/$B$6 | C11: =C4/$C$6 | E11: =AVERAGE(B11:D11)

Sheet Alt_Mantenibilidad
B2: A | C2: B
A3: A | B3: 1 | C3: 0.5
A4: B | B4: 2 | C4: 1
A6: Suma | B6: =SUM(B3:B5) | C6: =SUM(C3:C5) | D6: Next.JS React + TypeScript, Tailwind CSS Supabase PostgreSQL , GroqAPI y Vercel
D7: .Net Core + C# , React + TypeScript, Tailwind CSS, SQL Server, OpenAIAPI, y AWS
A8: Normalizado
B9: A | C9: B | E9: Peso
A10: A | B10: =B3/$B$6 | C10: =C3/$C$6 | E10: =AVERAGE(B10:D10)
A11: B | B11: =B4/$B$6 | C11: =C4/$C$6 | E11: =AVERAGE(B11:D11)

Sheet Resultado
A2: Alternativa | B2: Costo | C2: Desempeño | D2: Curva de aprendizaje | E2: Compatibilidad | F2: Escalabilidad | G2: Facilidad de integración | H2: Mantenibilidad | I2: Score
A3: A | B3: =Alt_Costo!E10 | C3: =Alt_Desempeño!E10 | D3: =Alt_Curva_De_Aprendizaje!E10 | E3: =Alt_Compatibilidad!E10 | F3: =Alt_Escalabilidad!E10 | G3: =Alt_Facilidad_De_Integración!E10 | H3: =Alt_Mantenibilidad!E10 | I3: =B3*Criterios!I14+D3*Criterios!I15+C3*Criterios!I16+H3*Criterios!I17+G3*Criterios!I18+F3*Criterios!I19+E3*Criterios!I20
A4: B | B4: =Alt_Costo!E11 | C4: =Alt_Desempeño!E11 | D4: =Alt_Curva_De_Aprendizaje!E11 | E4: =Alt_Compatibilidad!E11 | F4: =Alt_Escalabilidad!E11 | G4: =Alt_Facilidad_De_Integración!E11 | H4: =Alt_Mantenibilidad!E11 | I4: =B4*Criterios!I14+D4*Criterios!I15+C4*Criterios!I16+H4*Criterios!I17+G4*Criterios!I18+F4*Criterios!I19+E4*Criterios!I20
D6: Next.JS React + TypeScript, Tailwind CSS Supabase PostgreSQL , GroqAPI y Vercel
D7: .Net Core + C# , React + TypeScript, Tailwind CSS, SQL Server, OpenAIAPI, y AWS
